scope,var,n_CON,n_ABS,mean_CON,mean_ABS,sd_CON,sd_ABS,ks_stat,ks_p,levene_stat,levene_p,t_stat_welch,t_p_welch,mw_u,mw_p,cohen_d_CON_minus_ABS,d_ci95_low,d_ci95_high
all_runs,nchar,48,48,6.645833333333333,6.666666666666667,1.7563209047800392,1.7904395434823395,0.020833333333333332,1.0,0.008358527476436183,0.9273494601439689,-0.05754961584076176,0.9542295877489602,1150.0,0.9910926193104668,-0.011747266141921517,-0.4225311244349212,0.3950153642697082
all_runs,syllables,48,48,2.3541666666666665,2.3541666666666665,0.7576442586696183,0.7576442586696183,0.0,1.0,0.0,1.0,0.0,1.0,1152.0,1.0,0.0,-0.40286257309774004,0.4086181391147378
all_runs,zipf,48,48,3.9796561829136814,3.991783569386287,0.4977846789396412,0.5032948461313619,0.0625,0.9999917362742914,0.0058106996200047835,0.9393997571040263,-0.11869370232925815,0.9057713393101591,1135.0,0.9037652511076589,-0.02422825053237314,-0.4446627790780203,0.3958998473633162
all_runs,Valence_M,48,48,5.460625,5.4499404761875,0.9105957980612521,1.632202211932388,0.25,0.0995639662871848,13.039476616767425,0.000491721603418141,0.03960589114303307,0.968514462845671,1057.0,0.48861395031469246,0.008084518675720551,-0.3900642079031815,0.40423058685163277
all_runs,arousal_M,48,48,3.5700000000000003,4.402291666666667,0.6478770568951056,0.8468998272380781,0.5416666666666666,8.289541665347434e-07,2.255357680839265,0.13650457513815542,-5.407779669170148,5.419239524745083e-07,463.5,4.603020658638491e-07,-1.1038584025719738,-1.5665996118317829,-0.69157637771688
all_runs,ageOfAquisition_M,48,48,7.103750000000001,8.874583333333334,0.9838409856813157,1.3595852908591528,0.6041666666666666,1.7451666663889335e-08,3.20516345589461,0.07662566997406302,-7.310548514794009,1.308290747940123e-10,322.5,1.2405410300702404e-09,-1.4922594667588935,-2.0608817715787944,-1.076828295561741
all_runs,concretness_M,48,48,1.7979166666666668,5.893958333333333,0.13993856301405885,0.8370254821696997,1.0,3.1079707417038454e-28,79.61760675094307,3.58447929251258e-14,-33.4395247555314,1.0617799065033731e-35,0.0,3.182760750016119e-17,-6.82581440768486,-8.228802440867424,-6.009157246168463
