scope,var,n_CON,n_ABS,mean_CON,mean_ABS,sd_CON,sd_ABS,ks_stat,ks_p,levene_stat,levene_p,t_stat_welch,t_p_welch,mw_u,mw_p,cohen_d_CON_minus_ABS,d_ci95_low,d_ci95_high
run2,nchar,24,24,6.541666666666667,6.5,1.6675722177612804,1.5603789952109879,0.041666666666666664,0.9999999999999998,0.23232323232323232,0.6320920006734656,0.0893805629291081,0.929169204026396,292.0,0.9413444921254879,0.02580194603372043,-0.570963932497491,0.6060283416585549
run2,syllables,24,24,2.2083333333333335,2.2083333333333335,0.7790276362049131,0.7790276362049131,0.0,1.0,0.0,1.0,0.0,1.0,288.0,1.0,0.0,-0.5932302286619252,0.5793960299772725
run2,zipf,24,24,4.072372198757871,4.074141108665635,0.4795767955968397,0.4547736053243826,0.125,0.994161229482218,0.010062895951736331,0.9205309923314742,-0.013111838464404819,0.9895954288572859,282.0,0.9097070273165737,-0.003785061733497506,-0.5819873294206267,0.587994766306202
run2,Valence_M,24,24,5.339166666666667,5.488333333333333,1.1210162961491166,1.6655999484887711,0.25,0.4490368220409109,2.5322110840416734,0.11839356340108431,-0.36397902279491334,0.7177768928160575,249.0,0.4272412719134576,-0.10507169339501007,-0.7307344434295034,0.42997165283022126
run2,arousal_M,24,24,3.6824999999999997,4.305,0.6126581428496646,0.7794814329718356,0.4583333333333333,0.011965431606262756,1.0367558283059166,0.31390277721514,-3.0759635451973355,0.0036181159388366754,148.5,0.004147050221498385,-0.8879541904185786,-1.5191506067754448,-0.34018575554647806
run2,ageOfAquisition_M,24,24,7.199166666666667,8.945833333333333,1.1166172387935869,1.3233879994549782,0.625,0.00010401434205661125,0.415289173777809,0.522497814858505,-4.941810501721894,1.1297522005435006e-05,86.5,3.3981352079884736e-05,-1.4265778117266275,-2.368678238713984,-0.823677737922706
run2,concretness_M,24,24,1.7933333333333337,6.089166666666666,0.15242009072944096,0.7304311809780081,1.0,6.202011224319715e-14,24.06420790549009,1.2061093141965996e-05,-28.204500290569204,1.79301707069716e-20,0.0,3.0278416473550237e-09,-8.141937917559504,-11.492520562214183,-6.592466836754136
