scope,var,n_CON,n_ABS,mean_CON,mean_ABS,sd_CON,sd_ABS,ks_stat,ks_p,levene_stat,levene_p,t_stat_welch,t_p_welch,mw_u,mw_p,cohen_d_CON_minus_ABS,d_ci95_low,d_ci95_high
run1,nchar,24,24,6.916666666666667,6.958333333333333,2.0624313778658907,2.1362129568705104,0.08333333333333333,0.9999994797375902,0.14345114345114346,0.7066164839113083,-0.0687437540357175,0.9454919176555526,281.5,0.8987529319963892,-0.019844612448813467,-0.6345894780835416,0.542060748354327
run1,syllables,24,24,2.4166666666666665,2.4166666666666665,0.8297022339981069,0.8297022339981069,0.0,1.0,0.0,1.0,0.0,1.0,288.0,1.0,0.0,-0.5950916615157951,0.5447228040207818
run1,zipf,23,23,3.9664571457273734,4.012158093163243,0.5969677306427283,0.6200744083421501,0.13043478260869565,0.9923771607128958,0.00013117858781678236,0.9909135454960946,-0.2546362582420465,0.8001921312699308,248.0,0.7252081052994781,-0.07508813604634176,-0.651587352562119,0.508783954108724
run1,Valence_M,24,24,5.533333333333334,5.211666666666666,0.8174970637717069,1.4547065045887275,0.2916666666666667,0.26283384201555077,6.289957263317804,0.015733201209706362,0.9443657238035252,0.35124191848972786,326.0,0.439307636734667,0.2726149024257105,-0.2915464017007562,0.8742480572396837
run1,arousal_M,24,24,3.48,4.261666666666667,0.5692405314176914,0.653656382716995,0.625,0.00010401434205661125,0.668470806302131,0.4178001264379262,-4.41794291406041,6.175471622118942e-05,89.0,4.239923261926611e-05,-1.2753502653485884,-2.0419015615336833,-0.6915885716056024
run1,ageOfAquisition_M,24,24,7.083333333333333,9.0525,1.1360751148875088,1.166619978361867,0.6666666666666666,2.340322696273753e-05,0.16921535492044892,0.6827204071784365,-5.924182839404745,3.770166919764475e-07,63.0,3.6568052983221476e-06,-1.7101642785294455,-2.659685923337764,-1.0935120075735074
run1,concretness_M,24,24,1.8699999999999999,5.471666666666667,0.116170788815059,0.8357639913727812,1.0,6.202011224319715e-14,36.57142857142856,2.458366699144638e-07,-20.91076996873027,7.291569464216686e-17,0.0,3.0071178560661154e-09,-6.036419335204381,-8.25215553985861,-5.1132898253182395
